Designator,Mid X,Mid Y,Rotation,Layer
J1,122.436238,-80.869022,0.0,top
J2,172.63059,-79.482871,180.0,top
J3,133.34702,-67.741575,90.0,top
J4,135.057436,-104.46522,90.0,top
